Founder / Owner,Sales / Marketing,Ops / Admin,Finance / Legal ,HR / Recruiting,Support / Customer Success,Individual / Student
1) Grow revenue,1) Grow revenue,1) Grow revenue,1) Grow revenue,1) Grow revenue,1) Grow revenue,1) Grow revenue
"Social media content (posts, ads, videos, product visuals) ",Run Google and Meta ads + improve ROI,Reduce missed leads with faster replies,Spot profit leaks and improve margins,Hire faster to support growth,Improve retention and reduce churn,Personal brand to get opportunities
Get more leads from Google & website (SEO),"Social media content (posts, ads, videos, product visuals) ",Improve order experience to boost repeats,"Prevent revenue leakage from contracts (renewals, pricing, penalties)",,Upsell/cross‑sell recommendations,Business Idea Generation
Run Google and Meta ads + improve ROI,Get more leads from Google & website (SEO),"Call, Chat & Ticket Intelligence",Speed up deal closure with faster contract review,2) Save time,Improve reviews and response quality,Trending Products
Google Business Profile visibility,Qualify & route leads automatically (AI SDR),Smart CCTV: revenue/footfall insights (advanced),Sales & revenue forecasting,Find candidates faster (multi‑source),Find why customers don’t convert,
Understanding why customers don’t convert,Selling on WhatsApp/Instagram,,,Resume screening + shortlisting,"Call, Chat & Ticket Intelligence",
Selling on WhatsApp/Instagram,Improve Google Business Profile leads,2) Save time,2) Save time,Automate interview scheduling,,
"Lead Qualification , Follow Up & Conversion","Write SEO Keyword ,blogs and landing pages",Automate repetitive admin workflows,Bookkeeping assistance + auto categorization,Automate candidate follow‑ups,2) Save time,2) Save time
Ecommerece Lisitng SEO + upsell bundles,Write product titles that rank SEO,Excel and App script Automation ,Expense tracking + spend control automation,High‑volume hiring coordination,24/7 support assistant + escalation,"Draft emails, reports, and proposals"
,Create ad creatives that convert,Extract invoice/order data from PDFs,Extract invoices/receipts from PDFs into Sheets,Onboarding checklists + HR support,"Auto‑tag, route, and prioritize tickets",Summarize PDFs and long documents
,Create upsell/cross-sell messaging,Classify docs (invoice/contract/report),Auto-generate client/vendor payment reminders,Draft job descriptions and outreach,Draft replies in brand voice,Extract data from PDFs/images
,,Auto‑tag and organize documents,"Draft finance emails, reports, and summaries faster",,Summarize calls/chats into CRM notes,Organize notes automatically
,,Summarize meetings + send action items,"Extract key terms from contracts (payment, renewal, notice period)",3) Make better decisions,Build a support knowledge base,
2) Save time,2) Save time,Automate procurement approvals,"Automate contract approvals, renewals, and deadline reminders",Hiring funnel dashboard,WhatsApp/Instagram instant replies,3) Make better decisions
Automate lead capture into Sheets/CRM,Auto‑capture leads from forms/ads,Track orders + customer notifications,Compliance checklist summaries and policy Q&A,Improve hire quality insights,,Weekly goals + progress summary
"Draft proposals, quotes, and emails faster",Mail + DM + influencer outreach automation,Support ticket routing automation,,Interview feedback summaries,3) Make better decisions,Chat with your personal documents
Extract data from PDFs/images to Sheets,Repurpose long videos into shorts,Smart CCTV: critical event alerts (advanced),,HR knowledge base from policies,Support SLA dashboard,Auto‑tag and organize your files
Automate procurement requests/approvals,Schedule posts + reuse content ideas,,,Internal Q&A bot for HR queries,Call/chat/ticket intelligence insights,Market & industry trend summaries
24/7 support assistant + escalation,Bulk update product listings/catalog,3) Make better decisions,3) Make better decisions,Organize resumes and candidate notes,Review sentiment + issue detection,
Automate order updates and tracking,Generate A+ store content at scale,"Ops dashboard (orders, backlog, SLA)",Instant finance dashboard (monthly/weekly),,Churn & retention insights,4) Improve yourself
Summarize meetings + action items,Auto‑create weekly content calendar,AI research summaries for decisions,Budget vs actual insights with variance alerts,4) Improve yourself,Brand monitoring & crisis alerts,Plan weekly priorities and tasks
Automate HR or Finnance ,Auto‑reply + follow‑up sequences,Predict demand and stock needs,Cashflow forecast (30/60/90 days),Plan weekly priorities and tasks,Search/chat across help docs,Prep for pitches and presentations
,,Supplier risk monitoring,Predict demand & business outcomes from past data,Interview prep + question practice,Internal Q&A bot from SOPs,Personal branding content plan
,3) Make better decisions,Delivery/logistics performance reporting,Spend control alerts and trend insights,Personal branding content plan,,Create a learning plan + summaries
,Campaign performance tracking dashboard,Internal Q&A bot from SOPs/policies,"Contract risk snapshot (high-risk clauses, obligations, renewals)",Create a learning plan + summaries,4) Improve yourself,Contract drafting & review support
3) Make better decisions,"Track calls, clicks, and form fills",Industry best practice,Supplier risk and exposure tracking,Contract drafting & review support,Plan weekly priorities and tasks,
Instant sales dashboard (daily/weekly),Call/chat/ticket insights from conversations,Customer Churn & Retention Insights,,Team Sprit Action plan ,Prep for pitches and presentations,
Marketing performance dashboard (ROI),Review sentiment + competitor comparisons,,4) Improve yourself,,Personal branding content plan,
Build a knowledge base from SOPs,Competitor monitoring & price alerts,4) Improve yourself,Plan weekly priorities and tasks,,Create a learning plan + summaries,
"Track competitors, pricing, and offers",Market & trend research summaries,Plan weekly priorities and tasks,Prep for pitches and presentations,,Contract drafting & review support,
Market & industry trend summaries,Chat with past campaigns and assets,Prep for pitches and presentations,Personal branding content plan,,Team Sprit Action plan ,
Predict demand & business outcomes,,Personal branding content plan,Create a learning plan + summaries,,,
Review sentiment → improvement ideas,4) Improve yourself,Create a learning plan + summaries,Contract drafting & review support,,,
Churn & retention insights,Plan weekly priorities and tasks,Contract drafting & review support,Team Sprit Action plan ,,,
Cashflow + spend control dashboard,Prep for pitches and presentations,Team Sprit Action plan ,,,,
,Personal branding content plan,,,,,
4) Improve yourself,Create a learning plan + summaries,,,,,
Plan weekly priorities and tasks,Contract drafting & review support,,,,,
Prep for pitches and presentations,Team Sprit Action plan ,,,,,
Personal branding content plan,,,,,,
Create a learning plan + summaries,,,,,,
Contract drafting & review support,,,,,,
Team Sprit Action plan ,,,,,,